{
  "$schema": "http://json-schema.org/draft-04/schema#",
  "type": "object",
  "properties": {
    "indicator": {
      "type": "string"
    },
    "value_column": {
      "type": "string"
    },
    "indicator_column": {
      "type": "string"
    },
    "indicator_value": {
      "type": "string"
    },
    "name": {
      "type": "string"
    },
    "error_low_column": {
      "type": "string"
    },
    "error_high_column": {
      "type": "string"
    }
  },
  "additonalProperties": "false",
  "required": [ "indicator", "value_column", "indicator_column", "indicator_value", "name", "error_low_column", "error_high_column" ]
}
