{
  "$schema": "http://json-schema.org/draft-04/schema#",
  "type": "object",
  "properties" : {
    "indicator_id": { "type": "string" },
    "x_axis_id": { "type": "string" },
    "disaggregate_by_id": { "type": "string" },
    "selected_filter_options": {
      "type": "object",
      "patternProperties": {
        "^.*$": { 
          "type": "array",
          "items": { "$ref": "FilterOption.schema.json" }
        }
      },
      "additonalProperties": true,
      "required": [ "area", "quarter", "age", "sex" ]
    }
  },
  "additonalProperties": false,
  "required": [ "indicator_id", "x_axis_id", "disaggregate_by_id", "selected_filter_options" ]
}
