{
  "$schema": "http://json-schema.org/draft-04/schema#",
  "type": "object",
  "properties": {
    "indicator": { "type": "string" },
    "value_column": { "type": "string" },
    "error_low_column": { "type": "string" },
    "error_high_column": { "type": "string" },
    "indicator_column": { "type": "string" },
    "indicator_value": { "type": "string" },
    "name": { "type": "string" },
    "min": { "type": "number" },
    "max": { "type": "number" },
    "colour": { "type": "string" },
    "invert_scale": { "type": "boolean" }
  },
  "additionalProperties": false,
  "required": [ "indicator", "value_column", "name", "min", "max", "colour", "invert_scale" ]
}
