{
  "$schema": "http://json-schema.org/draft-04/schema#",
  "definitions": {
    "choropleth_metadata": {
      "type": "array",
      "items": { "$ref": "ChoroplethIndicatorMetadata.schema.json" }
    },
    "metadata": {
      "type": "object",
      "properties": {
        "choropleth": {
          "type": "object",
          "properties": {
            "indicators": { "$ref": "#/definitions/choropleth_metadata" }
          }
        }
      }
    }
  },

  "type": "object",
  "properties": {
    "survey": { "$ref": "#/definitions/metadata" },
    "anc": { "$ref": "#/definitions/metadata" },
    "programme": { "$ref": "#/definitions/metadata" },
    "output": { "$ref": "#/definitions/metadata" }
  },
  "additionalProperties": false,
  "required": ["survey", "anc", "programme", "output"]
}
