{
  "$schema": "http://json-schema.org/draft-04/schema#",
  "type": "object",
  "properties": {
    "area_id": {
      "type": "string"
    },
    "age_group": {
      "type": "string"
    },
    "year": {
      "type": "number"
    },
    "anc_clients": {
      "type": "number"
    },
    "anc_hiv_status": {
      "type": "number"
    },
    "anc_known_pos": {
      "type": "number"
    },
    "anc_already_art": {
      "type": "number"
    },
    "anc_tested": {
      "type": "number"
    },
    "anc_tested_pos": {
      "type": "number"
    },
    "anc_prevalence": {
      "type": "number"
    },
    "anc_art_coverage": {
      "type": "number"
    }
  },
  "additionalProperties": true,
  "required": [ "area_id", "age_group", "year", "anc_clients",
    "anc_known_pos", "anc_already_art", "anc_tested", "anc_tested_pos",
    "anc_prevalence", "anc_art_coverage" ]
}
