{
  "$schema": "http://json-schema.org/draft-04/schema#",
  "type": "object",
  "properties": {
    "plottingMetadata": {
      "type": "object",
      "properties": {
        "barchart": { "$ref": "BarchartMetadata.schema.json" },
        "choropleth": { "$ref": "ChoroplethMetadata.schema.json" }
      },
      "additionalProperties": false,
      "required": [ "barchart", "choropleth" ]
    },
    "warnings": {
      "type": "array",
      "items": { "$ref": "Warning.schema.json"  }
    }
  },
  "required": ["plottingMetadata", "warnings" ]
}
