{
  "$schema": "http://json-schema.org/draft-04/schema#",
  "type": "object",
  "properties": {
    "area_id": {
      "type": "string"
    },
    "area_name": {
      "type": "string"
    },
    "plot": {
      "type": [ "string", "null" ]
    },
    "value": {
      "type": [ "number", "null" ]
    },
    "area_level": {
      "type": "number"
    },
    "age_group": {
      "type": "string"
    },
    "time_period": {
      "type": "string"
    },
    "quarter": {
      "type": "string"
    },
    "area_hierarchy": {
      "type": [ "string" ]
    }
  },
  "additionalProperties": false,
  "required": [ "area_id", "area_name", "time_period", "plot", "value",
                "quarter", "area_hierarchy" ]
}
