{
  "$schema": "http://json-schema.org/draft-04/schema#",
  "definitions": {
    "selectControl": {
      "type": "object",
      "properties": {
        "name": { "type": "string" },
        "label": { "type": "string" },
        "type": { "enum": [ "select" ] },
        "required": { "type": "boolean" },
        "value": { "type": "string" },
        "helpText": { "type": "string" },
        "options": {
          "type":  "array",
          "items": {
            "type": "object",
            "properties": {
              "id": { "type": "string" },
              "label": { "type": "string" },
              "children": {
                "type": "array",
                "items": { "type": "object" }
              }
            },
            "additionalProperties": false,
            "required": [ "id", "label" ]
          }
        }
      },
      "additionalProperties": false,
      "required": [ "name", "type", "required" ]
    },
    "multiselectControl": {
      "type": "object",
      "properties": {
        "name": { "type": "string" },
        "label": { "type": "string" },
        "type": { "enum": [ "multiselect" ] },
        "required": { "type": "boolean" },
        "value": { "oneOf":
          [
            {
              "type": "array",
              "items": { "type": "string" }
            },
            { "type": "string" }
          ]
        },
        "helpText": { "type": "string" },
        "options": {
          "type": "array",
          "items": {
            "type": "object",
            "properties": {
              "id": { "type": "string" },
              "label": { "type": "string" },
              "children": {
                "type": "array",
                "items": { "type": "object" }
              }
            },
            "additionalProperties": false,
            "required": [ "id", "label" ]
          }
        }
      },
      "additionalProperties": false,
      "required": [ "name", "type", "required" ]
    },
    "numberControl": {
      "type": "object",
      "properties": {
        "name": { "type": "string" },
        "label": { "type": "string" },
        "type": { "enum": [ "number" ] },
        "required": { "type": "boolean" },
        "value": { "type": "number" },
        "helpText": { "type": "string" },
        "min": { "type": "number" },
        "max": { "type": "number" }
      },
      "additionalProperties": false,
      "required": [ "name", "type", "required" ]
    },
    "controlGroup": {
      "type": "object",
      "properties": {
        "label": { "type": "string" },
        "controls": {
          "type": "array",
          "items": { "oneOf":
            [
              { "$ref": "#/definitions/selectControl" },
              { "$ref": "#/definitions/multiselectControl" },
              { "$ref": "#/definitions/numberControl" }
            ]
          }
        }
      },
      "additionalProperties": false,
      "required": [ "controls" ]
    },
    "controlSection": {
      "type": "object",
      "properties": {
        "label": { "type": "string" },
        "description": { "type": "string" },
	      "collapsible": { "type": "boolean" },
	      "collapsed" : { "type": "boolean" },
        "controlGroups": {
          "type": "array",
          "items": { "$ref": "#/definitions/controlGroup" }
        }
      },
      "additionalProperties": false,
      "required": [ "label", "controlGroups" ]
    }
  },
  "type": "object",
  "properties": {
    "controlSections": {
      "type": "array",
      "items": { "$ref": "#/definitions/controlSection" }
    }
  },
  "additionalProperties": false,
  "required": [ "controlSections" ]
}
