{
  "$schema": "http://json-schema.org/draft-04/schema#",
  "type": "object",
  "properties": {
    "pjnz": { "$ref": "SessionFile.schema.json" },
    "shape": { "$ref": "SessionFile.schema.json" },
    "population": { "$ref": "SessionFile.schema.json" },
    "survey": { "$ref": "SessionFile.schema.json" },
    "programme": { "$ref": "SessionFile.schema.json" },
    "anc": { "$ref": "SessionFile.schema.json" }
  },
  "additionalProperties": false,
  "required": [
    "pjnz",
    "shape",
    "population",
    "survey"
  ]
}
