{
  "$schema": "http://json-schema.org/draft-04/schema#",
  "type": "object",
  "properties": {
    "area_id": {
      "type": "string"
    },
    "sex": {
      "type": "string"
    },
    "age_group": {
      "type": "string"
    },
    "calendar_quarter": {
      "type": "string"
    },
    "indicator": {
      "type": "string"
    },
    "mode": {
      "type": [ "number", "null" ]
    },
    "mean": {
      "type": [ "number", "null" ]
    },
    "lower": {
      "type": [ "number", "null" ]
    },
    "upper": {
      "type": [ "number", "null" ]
    }
  },
  "additionalProperties": true,
  "required": [ "area_id", "sex", "age_group", "calendar_quarter", "indicator",
    "mode", "mean", "lower", "upper" ]
}
