{
  "$schema": "http://json-schema.org/draft-04/schema#",
  "definitions": {
    "metadata": {
      "type": "object",
      "properties": {
        "choropleth": {
          "type": "object",
          "properties": {
            "indicators": {
              "type": "array",
              "items": {
                "$ref": "ChoroplethIndicatorMetadata.schema.json"
              }
            }
          },
          "required": [
            "indicators"
          ]
        }
      },
      "required": [
        "choropleth"
      ]
    }
  },
  "type": "object",
  "properties": {
    "survey": {
      "$ref": "#/definitions/metadata"
    },
    "anc": {
      "$ref": "#/definitions/metadata"
    },
    "programme": {
      "$ref": "#/definitions/metadata"
    },
    "output": {
      "$ref": "#/definitions/metadata"
    }
  },
  "additionalProperties": false,
  "required": [
    "survey",
    "anc",
    "programme",
    "output"
  ]
}
