{
  "$schema": "http://json-schema.org/draft-04/schema#",
  "type": "object",
  "properties": {
    "age": {
      "type": "array",
      "items": { "$ref": "FilterOption.schema.json" }
    },
    "calendar_quarter": {
      "type": "array",
      "items": { "$ref": "FilterOption.schema.json" }
    },
    "indicators": {
      "type": "array",
      "items": { "$ref": "FilterOption.schema.json" }
    }
  },
  "additionalProperties": false,
  "required": [
    "age", "calendar_quarter", "indicators"
  ]
}
