{
  "$schema": "http://json-schema.org/draft-04/schema#",
  "type": "object",
  "properties": {
    "indicator": {
      "type": "string"
    },
    "survey_id": {
      "type": "string"
    },
    "survey_year": {
      "type": "number"
    },
    "area_id": {
      "type": "string"
    },
    "sex": {
      "type": "string"
    },
    "age_group": {
      "type": "string"
    },
    "n_clusters": {
      "type": "number"
    },
    "n_observations": {
      "type": "number"
    },
    "n_eff_kish": {
      "type": "number"
    },      
    "estimate": {
      "type": "number"
    },
    "std_error": {
      "type": "number"
    },
    "ci_lower": {
      "type": [ "number", "null" ]
    },
    "ci_upper": {
      "type": [ "number", "null" ]
    }
  },
  "additionalProperties": true,
  "required": [ "indicator", "survey_id", "area_id",
		"sex", "age_group", "n_clusters", "n_observations",
		"estimate", "std_error", "ci_lower", "ci_upper" ]
}
