{
  "shape": {
    "path": "src/tests/testthat/testdata/malawi.geojson",
    "filename": "original.geojson",
    "hash": "12345"
  },
  "survey": {
    "path": "src/tests/testthat/testdata/survey.csv",
    "filename": "original.csv",
    "hash": "12345"
  },
  "programme": {
    "path": "src/tests/testthat/testdata/programme.csv",
    "filename": "original.csv",
    "hash": "12345"
  },
  "anc": {
    "path": "src/tests/testthat/testdata/anc.csv",
    "filename": "original.csv",
    "hash": "12345"
  }
}
