{
  "data": {
    "pjnz": {
      "path": "testdata/Malawi2019.PJNZ",
      "filename": "Malawi2019.PJNZ",
      "hash": "12345",
      "fromADR": false
    },
    "shape": {
      "path": "testdata/malawi.geojson",
      "filename": "malawi.geojson",
      "hash": "12345",
      "fromADR": false
    },
    "population": {
      "path": "testdata/population.csv",
      "filename": "population.csv",
      "hash": "12345",
      "fromADR": false
    },
    "survey": {
      "path": "testdata/survey.csv",
      "filename": "survey.csv",
      "hash": "12345",
      "fromADR": false
    }
  },
  "options": {
    "area_scope": "MWI",
    "area_level": 4,
    "calendar_quarter_t1": "CY2016Q1",
    "calendar_quarter_t2": "CY2018Q3",
    "calendar_quarter_t3": "CY2019Q2",
    "calendar_quarter_t4": "CY2022Q3",
    "calendar_quarter_t5": "CY2023Q3",
    "survey_prevalence": ["DEMO2016PHIA", "DEMO2015DHS"],
    "survey_art_coverage": "DEMO2016PHIA",
    "survey_recently_infected": "DEMO2016PHIA",
    "spectrum_population_calibration": "none",
    "spectrum_plhiv_calibration_level": "none",
    "spectrum_plhiv_calibration_strat": "sex_age_group",
    "spectrum_artnum_calibration_level": "none",
    "spectrum_artnum_calibration_strat": "age_coarse",
    "spectrum_infections_calibration_level": "none",
    "spectrum_infections_calibration_strat": "age_coarse",
    "calibrate_method": "logistic",
    "artattend_log_gamma_offset": -4,
    "artattend": false,
    "rng_seed": 17,
    "no_of_samples": 20,
    "max_iter": 250,
    "psnu_level": null
  },
  "version": "<+version_info+>"
}
