{
  "data": {
    "pjnz": {
      "filename": "Malawi2019.PJNZ",
      "path": "tests/testthat/testdata/Malawi2019.PJNZ",
      "hash": "a123"
    },
    "shape": {
      "filename": "malawi.geojson",
      "path": "tests/testthat/testdata/malawi.geojson",
      "hash": "a123"
    },
    "population": {
      "filename": "population.csv",
      "path": "tests/testthat/testdata/population.csv",
      "hash": "a123"
    },
    "survey": {
      "filename": "survey.csv",
      "path": "tests/testthat/testdata/survey.csv",
      "hash": "a123"
    },
    "art_number": {
      "filename": "programme.csv",
      "path": "tests/testthat/testdata/programme.csv",
      "hash": "a123"
    },
    "anc_testing": {
      "filename": "anc.csv",
      "path": "tests/testthat/testdata/anc.csv",
      "hash": "a123"
    }
  },
  "options": {
    "area_scope": "MWI",
    "area_level": 4,
    "calendar_quarter_t1": "CY2016Q1",
    "calendar_quarter_t2": "CY2018Q3",
    "calendar_quarter_t3": "CY2019Q2",
    "survey_prevalence": ["MWI2016PHIA", "MWI2015DHS"],
    "survey_art_coverage": "MWI2016PHIA",
    "survey_recently_infected": "MWI2016PHIA",
    "include_art_t1": "true",
    "include_art_t2": "true",
    "anc_prevalence_year1": 2016,
    "anc_prevalence_year2": 2018,
    "anc_art_coverage_year1": 2016,
    "anc_art_coverage_year2": 2018,
    "spectrum_population_calibration": "none",
    "spectrum_plhiv_calibration_level": "none",
    "spectrum_plhiv_calibration_strat": "sex_age_group",
    "spectrum_artnum_calibration_level": "none",
    "spectrum_artnum_calibration_strat": "age_coarse",
    "spectrum_infections_calibration_level": "none",
    "spectrum_infections_calibration_strat": "age_coarse",
    "artattend_log_gamma_offset": -4,
    "artattend": false,
    "rng_seed": 17,
    "no_of_samples": 500,
    "max_iter": 250,
    "permissive": false
  }
}
