{
    "WELCOME": "Welcome to hintr",
    "INVALID_COUNTRY": "Invalid country",
    "INVALID_ISO3": "Can't read country from data of type {{type}}",
    "INVALID_REGIONS": "Can't read regions from data of type {{type}}",
    "MODEL_SUBMIT_OLD": "Trying to run model with old version of options. Update model run options",
    "MODEL_RESULT_CRASH": "Worker has crashed - error details are unavailable",
    "MODEL_RUN_CANCELLED": "Model run was cancelled by user",
    "MODEL_RESULT_MISSING": "Failed to fetch result",
    "CALIBRATE_SUBMIT_OLD": "Trying to calibrate model with old version of options. Update calibration options",
    "ERROR_404": "{{verb}} {{- path}} is not a valid hintr path",
    "ERROR_500": "Unexpected server error in '{{- call}}' : '{{message}}' while doing '{{verb}} {{- path}}'",
    "ERROR_CALL_MISSING": "<call missing>",
    "FILTERS_MISSING_AGE_GROUP": "Age groups metadata contains 0 rows for age_group {{group}}. Speak to administrator.",
    "FILTERS_CANT_GET_INDICATOR": "Can't get indicator filters for data type {{type}}.",
    "MAPPING_NO_MATCHING": "Found no matching filters for type {{type}}",
    "FILTERS_NO_DISPLAY_NAME": "Failed to get display name for hint ID {{id}}.",
    "FILTERS_INCORRECT_TYPE": "Property {{name}} is incorrect type, should be {{type}}.",
    "FILTERS_INCORRECT_TREE": "Got {{n}} root nodes - tree must have 1 root.",
    "FILTERS_CANT_GET_HINT_ID": "Failed to locate hint ID from naomi_id {{id}}.",
    "INDICATORS_ROW_ERROR": "Found {{nrow}} rows in metadata for data type {{type}} and indicator {{indicator}}. Should be exactly one.",
    "MODEL_OPTIONS_FAIL": "Failed to construct model options from template and params:\n{{message}}",
    "PJNZ_INVALID_ZIP": "Zip contains no PJNZ files",
    "RUN_MODEL_MOCK_START": "Started mock model",
    "RUN_MODEL_MOCK_FINISH": "Finished mock model",
    "MOCK_MODEL_ERROR": "Mock model has errored because option '{{option}}' is TRUE",
    "INPUTS_PJNZ_ZIP_MIXED": "Zip contains PJNZs for mixed countries, got {{countries}}",
    "INPUTS_PJNZ_ZIP_REGION0": "Zip contains {{count}} PJNZ files with spectrum region code 0. Should be max 1 PJNZ with spectrum region code 0 got:\n{{err}}",
    "VALIDATION_COLUMN_NAMES": "Data missing column {{missing}}.",
    "VALIDATION_COLUMN_NAMES_plural": "Data missing {{count}} columns {{missing}}.",
    "VALIDATION_COLUMN_REQUIRED": "Data does not contain required column: {{name}}",
    "VALIDATION_COLUMN_VALUE_MISSING": "Column {{name}} is missing required values: {{missing}}",
    "VALIDATION_COLUMN_VALUE_UNEXPECTED": "Unexpected values in column {{name}}: {{unexpected}}",
    "VALIDATION_COLUMN_MATCHES": "Values in column {{name}} do not match required format: {{unmatched}}",
    "VALIDATION_COLUMN_NO_NA": "Found NA values in column {{name}}. NA values not allowed.",
    "VALIDATION_COLUMN_NUMERIC": "Column {{name}} is required to be numeric. Non-numeric values were found.",
    "VALIDATION_COLUMN_POSITIVE": "Column {{name}} requires positive numeric values. Negative numeric values were found.",
    "VALIDATION_SINGLE_SOURCE": "Data should be from a single source. Multiple sources present: {{sources}}",
    "VALIDATION_ANC_CLIENT_NUMBERS1": "The number of people who tested positive is greater than the number of people tested",
    "VALIDATION_ANC_CLIENT_NUMBERS2": "The number of people already on ART is greater than the number positive (those known to be positive + those who tested positive)",
    "VALIDATION_UNIQUE_COMBINATIONS": "Unique combinations are required for columns: {{columns}}",
    "VALIDATION_SINGLE_PARENT_REGION": "Should have located one parent regions but found regions {{regions}}.",
    "VALIDATION_SINGLE_COUNTRY_NO_REGIONS": "{{type}} file contains no regions. Check file has an area_id column.",
    "VALIDATION_SINGLE_COUNTRY_MUTIPLE": "{{type}} file contains regions for more than one country. Got countries {{countries}}.",
    "VALIDATION_REGION_CODES_VALID": "Shape file contains {{count}} region with missing spectrum region code, code can only be missing for country level region.",
    "VALIDATION_REGION_CODES_VALID_plural": "Shape file contains {{count}} regions with missing spectrum region code, code can only be missing for country level region.",
    "VALIDATION_PROPERTY_EXISTS": "Shape file does not contain property {{property}} for each region. Missing ID for {{count}} feature.",
    "VALIDATION_PROPERTY_EXISTS_plural": "Shape file does not contain property {{property}} for each region. Missing ID for {{count}} features.",
    "VALIDATION_CONSISTENT_COUNTRY": "Countries aren't consistent got {{country_x}} from {{source_x}} and {{country_y}} from {{source_y}}.",
    "VALIDATION_CONSISTENT_REGION": "Regions aren't consistent {{source}} file contains {{count}} region missing from shape file including:\n{{missing}}",
    "VALIDATION_CONSISTENT_REGION_plural": "Regions aren't consistent {{source}} file contains {{count}} regions missing from shape file including:\n{{missing}}",
    "VALIDATION_CONSISTENT_REGION_CODES1": "Different spectrum region codes in PJNZ and shape file.",
    "VALIDATION_CONSISTENT_REGION_CODES2": "{{count}} code in PJNZ missing from shape file: {{missing}}",
    "VALIDATION_CONSISTENT_REGION_CODES2_plural": "{{count}} codes in PJNZ missing from shape file: {{missing}}",
    "VALIDATION_CONSISTENT_REGION_CODES3": "{{count}} code in shape file missing from PJNZ: {{missing}}",
    "VALIDATION_CONSISTENT_REGION_CODES3_plural": "{{count}} codes in shape file missing from PJNZ: {{missing}}",
    "VALIDATION_FILE_EXISTS": "File at path {{- path}} does not exist. Create it, or fix the path.",
    "VALIDATION_FILE_EXTENSION": "File must be of type {{expected}}, got type {{got}}.",
    "QUEUE_CONNECTING": "Connecting to redis at {{redis}}",
    "QUEUE_STARTING": "Starting queue",
    "QUEUE_CACHE": "Creating cache",
    "QUEUE_STOPPING_WORKERS": "Stopping workers",
    "QUEUE_ID_NOT_SET": "Environment variable 'HINTR_QUEUE_ID' is not set",
    "METADATA_BUILD_INDICATOR": "Expected only 1 row for indicator, data type, plot type combination.\nCheck each combination is unique in configuration.",
    "OUTPUT_FILTER_AREA": "Area",
    "OUTPUT_FILTER_PERIOD": "Period",
    "OUTPUT_FILTER_SEX": "Sex",
    "OUTPUT_FILTER_AGE": "Age",
    "OUTPUT_FILTER_DATA_TYPE": "Data type",
    "MODEL_RESULT_OLD": "Can't download {{type}}, please re-run model and try download again.",
    "OUTPUT_GENERATION_FAILED": "Failed to generate output",
    "INVALID_DOWNLOAD_TYPE": "Failed to generate download for {{type}} type, contact system admin.",
    "FAILED_ADR_METADATA": "Failed to generate metadata, output format is invalid",
    "UNKNOWN_OUTPUT_TYPE": "Model run returned unknown output type, please contact support.",
    "INVALID_TIME_SERIES_INPUT_TYPE": "Time series data can only be returned for {{types}}, received '{{type}}'.",
    "INPUT_TIME_SERIES_COLUMN_PLOT_TYPE": "Plot type",
    "INPUT_TIME_SERIES_COLUMN_AREA_LEVEL": "Area level",
    "INPUT_TIME_SERIES_COLUMN_QUARTER": "Quarter",
    "INPUT_TIME_SERIES_COLUMN_AGE": "Age",
    "INPUT_TIME_SERIES_COLUMN_TIME_PERIOD": "Time period",
    "INPUT_TIME_SERIES_COLUMN_AREA": "Area",
    "INPUT_TIME_SERIES_COLUMN_AREA_NAME": "Area name",
    "INVALID_ID_LABEL": "Data is invalid, number of unique {{label_col}} values and {{id_col}} values is not equal",
    "QUARTER_1": "Quarter 1",
    "QUARTER_2": "Quarter 2",
    "QUARTER_3": "Quarter 3",
    "QUARTER_4": "Quarter 4",
    "VALIDATION_MULTIPLE_LEVELS_DETAIL": "year {{year}} has area levels {{levels}}",
    "VALIDATION_MULTIPLE_LEVELS": "Data can only be for regions at a single area level per year. In uploaded data {{detail}}.",
    "FAILED_ZIP_REHYDRATE_SUBMIT": "Cannot load from this zip file, archive missing required information. Please regenerate output zip and try again."
}
