{
    "WELCOME": "Bienvenue chez hintr",
    "INVALID_COUNTRY": "Pays non valide",
    "INVALID_ISO3": "Impossible de lire le pays à partir des données de type {{type}}",
    "INVALID_REGIONS": "Impossible de lire les régions à partir des données de type {{type}}",
    "MODEL_SUBMIT_OLD": "Tentative de faire fonctionner le modèle avec l'ancienne version des options. Mise à jour des options d'exécution du modèle",
    "MODEL_RESULT_CRASH": "Panne pour ce travailleur - les détails de l'erreur ne sont pas disponibles",
    "MODEL_RUN_CANCELLED": "L'exécution du modèle a été annulée par l'utilisateur",
    "MODEL_RESULT_MISSING": "Impossible de récupérer le résultat",
    "CALIBRATE_SUBMIT_OLD": "Tentative de calibrage du modèle avec l'ancienne version des options. Mise à jour des options de calibrage du modèle",
    "ERROR_404": "{{verb}} {{- path}} n'est pas un chemin hintr valide",
    "ERROR_500": "Erreur inattendue du serveur dans « {{- call}} » : « {{message}} » alors qu’il « {{verb}} {{- path}} »",
    "ERROR_CALL_MISSING": "<call missing>",
    "FILTERS_MISSING_AGE_GROUP": "Les métadonnées des groupes d'âges contiennent 0 ligne pour le groupe d'âge {{group}}. Parler à l'administrateur.",
    "FILTERS_CANT_GET_INDICATOR": "Impossible d'obtenir des filtres indicateurs pour le type de données {{type}}.",
    "FILTERS_NO_MATCHING": "Aucun filtre correspondant au type trouvé {{type}}",
    "FILTERS_NO_DISPLAY_NAME": "Impossible d'obtenir le nom affiché pour l'ID d’indication {{id}}.",
    "FILTERS_INCORRECT_TYPE": "Le type de la propriété {{name}} est incorrect, il doit s’agir de {{type}}.",
    "FILTERS_INCORRECT_TREE": "Il existe {{n}} nœuds racine et l’arborescence doit comporter 1 racine.",
    "FILTERS_CANT_GET_HINT_ID": "Échec de localisation de l'ID d'indication à partir de naomi_id {{id}}.",
    "INDICATORS_ROW_ERROR": "Lignes trouvées {{nrow}} dans les métadonnées pour le type de données {{type}} et l'indicateur {{indicator}}. Il devrait y en avoir exactement une.",
    "MODEL_OPTIONS_FAIL": "Échec de la construction des options de modèle à partir du modèle et des paramètres : {{message}}",
    "PJNZ_INVALID_ZIP": "Le zip ne contient aucun fichier PJNZ",
    "RUN_MODEL_MOCK_START": "Maquette commencée",
    "RUN_MODEL_MOCK_FINISH": "Maquette terminée",
    "MOCK_MODEL_ERROR": "Le modèle fantaisie s'est trompé car l'option '{{option}}' est TRUE",
    "INPUTS_PJNZ_ZIP_MIXED": "Le Zip contient des PJNZ pour différents pays, il s’agit de {{countries}}",
    "INPUTS_PJNZ_ZIP_REGION0": "Le Zip contient {{count}} fichiers PJNZ avec le code de région de Spectrum 0. Il doit exister au maximum 1 PJNZ avec le code de région de Spectrum 0 et nous en avons :\n{{err}}",
    "VALIDATION_COLUMN_NAMES": "Colonne de données manquantes {{missing}}.",
    "VALIDATION_COLUMN_NAMES_plural": "Colonnes {{missing}} de données manquantes {{count}}.",
    "VALIDATION_COLUMN_REQUIRED": "Les données ne contiennent pas la colonne requise : {{name}}",
    "VALIDATION_COLUMN_VALUE_MISSING": "Il manque des valeurs requises dans la colonne {{name}} : {{missing}}",
    "VALIDATION_COLUMN_VALUE_UNEXPECTED": "Valeurs inattendues dans la colonne {{name}} : {{unexpected}}",
    "VALIDATION_COLUMN_MATCHES": "Les valeurs dans la colonne {{name}} ne correspondent pas au format requis : {{unmatched}}",
    "VALIDATION_COLUMN_NO_NA": "Valeurs NA trouvées dans la colonne {{name}}. Valeurs NA non autorisées.",
    "VALIDATION_COLUMN_NUMERIC": "La colonne {{name}} doit être numérique. Des valeurs non numériques ont été trouvées.",
    "VALIDATION_COLUMN_POSITIVE": "La colonne {{name}} exige des valeurs numériques positives. Des valeurs numériques négatives ont été trouvées.",
    "VALIDATION_SINGLE_SOURCE": "Les données doivent provenir d'une seule source. Sources multiples présentes : {{sources}}",
    "VALIDATION_ANC_CLIENT_NUMBERS1": "Le nombre de personnes ayant obtenu un résultat positif est supérieur au nombre de personnes     testées",
    "VALIDATION_ANC_CLIENT_NUMBERS2": "Le nombre de personnes déjà sous TARV est supérieur au nombre de personnes positives (celles dont la séropositivité est connue + celles qui ont été testées positives)",
    "VALIDATION_UNIQUE_COMBINATIONS": "Des combinaisons uniques sont nécessaires pour les colonnes : {{columns}}",
    "VALIDATION_SINGLE_PARENT_REGION": "Le système aurait dû localiser une région parente, mais a trouvé les régions {{regions}}.",
    "VALIDATION_SINGLE_COUNTRY_NO_REGIONS": "Le fichier {{type}} ne contient aucune région. Le fichier de contrôle comporte une colonne area_id.",
    "VALIDATION_SINGLE_COUNTRY_MUTIPLE": "Le fichier {{type}} contient des régions pour plus d'un pays. Les pays sont {{countries}}.",
    "VALIDATION_REGION_CODES_VALID": "Le fichier de formes contient {{count}} région avec un code région de Spectrum manquant, le code peut seulement manquer pour la région au niveau du pays.",
    "VALIDATION_REGION_CODES_VALID_plural": "Le fichier de formes contient {{count}} régions avec un code région de Spectrum manquant, le code peut seulement manquer pour la région au niveau du pays.",
    "VALIDATION_PROPERTY_EXISTS": "Le fichier de formes ne contient aucune propriété {{property}} pour chacune des régions. ID manquant pour {{count}} caractéristique.",
    "VALIDATION_PROPERTY_EXISTS_plural": "Le fichier de formes ne contient aucune propriété {{property}} pour chacune des régions. ID manquant pour {{count}} caractéristiques.",
    "VALIDATION_CONSISTENT_COUNTRY": "Les pays ne sont pas cohérents, nous avons {{country_x}} depuis la {{source_x}} et {{country_y}} depuis la {{source_y}}.",
    "VALIDATION_CONSISTENT_REGION": "Les régions ne sont pas cohérentes. Le fichier {{source}} contient {{count}} région manquante dans le fichier de formes, notamment :\n{{missing}}",
    "VALIDATION_CONSISTENT_REGION_plural": "Les régions ne sont pas cohérentes. Le fichier {{source}} contient {{count}} régions manquantes dans le fichier de formes, notamment :\n{{missing}}",
    "VALIDATION_CONSISTENT_REGION_CODES1": "Différents codes région de Spectrum dans le PJNZ et le fichier de forme.",
    "VALIDATION_CONSISTENT_REGION_CODES2": "{{count}} code dans le PJNZ manquant dans le fichier de formes : {{missing}}",
    "VALIDATION_CONSISTENT_REGION_CODES2_plural": "{{count}} codes dans le PJNZ manquant dans le fichier de formes : {{missing}}",
    "VALIDATION_CONSISTENT_REGION_CODES3": "{{count}} code dans le fichier de formes manquant dans le PJNZ : {{missing}}",
    "VALIDATION_CONSISTENT_REGION_CODES3_plural": "{{count}} codes dans le fichier de formes manquant dans le PJNZ : {{missing}}",
    "VALIDATION_FILE_EXISTS": "Le fichier au chemin d'accès {{- path}} n'existe pas. Créez le, ou corrigez le chemin d’accès.",
    "VALIDATION_FILE_EXTENSION": "Le fichier doit être de type {{expected}}, mais il est du type {{got}}.",
    "QUEUE_CONNECTING": "Connexion à la redis à {{redis}}",
    "QUEUE_STARTING": "Mise dans la file d’attente",
    "QUEUE_CACHE": "Création du cache",
    "QUEUE_STOPPING_WORKERS": "Arrêt des travailleurs",
    "QUEUE_ID_NOT_SET": "La variable d'environnement « HINTR_QUEUE_ID » n'est pas définie",
    "METADATA_BUILD_INDICATOR": "1 ligne seule est attendue pour l'indicateur, le type de données, la combinaison de type de graphique.\nVérifiez que chaque combinaison est unique dans sa configuration.",
    "OUTPUT_FILTER_AREA": "Zone",
    "OUTPUT_FILTER_PERIOD": "Période",
    "OUTPUT_FILTER_SEX": "Sexe",
    "OUTPUT_FILTER_AGE": "Âge",
    "OUTPUT_FILTER_DATA_TYPE": "Type de données",
    "MODEL_RESULT_OLD": "Impossible de télécharger {{type}}, veuillez réexécuter le modèle et réessayer de télécharger.",
    "OUTPUT_GENERATION_FAILED": "Impossible de générer une sortie",
    "INVALID_DOWNLOAD_TYPE": "Impossible de générer le téléchargement pour le type de {{type}}, contactez l'administrateur système.",
    "FAILED_ADR_METADATA": "Échec de la génération des métadonnées, le format de sortie n'est pas valide.",
    "UNKNOWN_OUTPUT_TYPE": "L'exécution du modèle a renvoyé un type de sortie inconnu, veuillez contacter le support.",
    "INVALID_TIME_SERIES_INPUT_TYPE": "Les données de séries chronologiques ne peuvent être retournées que pour {{types}}, reçu '{{type}}'.",
    "INPUT_TIME_SERIES_COLUMN_PLOT_TYPE": "Type de parcelle",
    "INPUT_TIME_SERIES_COLUMN_AREA_LEVEL": "Niveau de la zone",
    "INPUT_TIME_SERIES_COLUMN_AGE": "Âge",
    "INPUT_TIME_SERIES_COLUMN_AREA": "Zone",
    "INPUT_TIME_SERIES_COLUMN_AREA_NAME": "Nom de zone",
    "INPUT_TIME_SERIES_COLUMN_QUARTER": "trimestre",
    "INPUT_TIME_SERIES_COLUMN_TIME_PERIOD": "période de temps",
    "INVALID_ID_LABEL": "Les données ne sont pas valides, le nombre de valeurs uniques {{label_col}} et {{id_col}} n'est pas égal",
    "MAPPING_NO_MATCHING": "Aucun filtre correspondant au type {{type}} trouvé",
    "QUARTER_1": "trimestre 1",
    "QUARTER_2": "trimestre 2",
    "QUARTER_3": "trimestre 3",
    "QUARTER_4": "trimestre 4",
    "VALIDATION_MULTIPLE_LEVELS_DETAIL": "l'année {{year}} a des niveaux de zone {{levels}}",
    "VALIDATION_MULTIPLE_LEVELS": "Les données ne peuvent concerner que les régions à un seul niveau de zone par an. Dans les données téléchargées {{detail}}",
    "FAILED_ZIP_REHYDRATE_SUBMIT": "Impossible de charger à partir de ce fichier zip, l'archive manque d'informations requises. Veuillez régénérer le zip de sortie et réessayer."
}
