{
    "CALIBRATE_SUBMIT_OLD": "A tentar calibrar o modelo com uma versão antiga das opções. Atualizar opções de calibração",
    "ERROR_404": "{{verb}} {{- path}} não é um caminho hintr válido",
    "ERROR_500": "Erro inesperado no servidor em '{{- call}}' : '{{message}}' ao fazer '{{verb}} {{- path}}''",
    "ERROR_CALL_MISSING": "<chamada em falta>",
    "FILTERS_CANT_GET_HINT_ID": "Falha na localização da hint ID do naomi_id {{id}}.",
    "FILTERS_CANT_GET_INDICATOR": "Não é possível obter filtros indicadores para o tipo de dados {{type}}.",
    "FILTERS_INCORRECT_TREE": "Obtidos {{n}} nós raiz - a árvore deve ter 1 raiz.",
    "FILTERS_INCORRECT_TYPE": "A propriedade {{name}} é do tipo incorreto, deve ser {{type}}.",
    "FILTERS_MISSING_AGE_GROUP": "Os metadados dos grupos etários contêm 0 filas para o grupo etário {{group}}. Fale com o administrador.",
    "FILTERS_NO_DISPLAY_NAME": "Falha na obtenção do nome de exibição para a hint ID {{id}}.",
    "FILTERS_NO_MATCHING": "Não foram encontrados filtros correspondentes para o tipo {{type}}",
    "INDICATORS_ROW_ERROR": "Encontradas {{nrow}} linhas em metadados para o tipo de dados {{type}} e indicador {{indicator}}. Deve ser exatamente uma.",
    "INPUTS_PJNZ_ZIP_MIXED": "O zip contém PJNZ para países mistos, obtido {{countries}}.",
    "INPUTS_PJNZ_ZIP_REGION0": "O zip contém {{count}} ficheiros PJNZ com o código de região Spectrum 0. Deve ser no máximo 1 PJNZ com o código de região spectrum 0, obtido: {{err}}",
    "INVALID_COUNTRY": "País inválido",
    "INVALID_ISO3": "Não é possível ler o país a partir de dados do tipo {{type}}",
    "INVALID_REGIONS": "Não é possível ler regiões a partir de dados do tipo {{type}}",
    "METADATA_BUILD_INDICATOR": "Espera-se apenas 1 linha para a combinação de indicador, tipo de dados e tipo de lote. Garanta que todas as combinações são únicas na configuração.",
    "MODEL_OPTIONS_FAIL": "Falha na construção de opções de modelo a partir de modelo e parâms: {{message}}",
    "MODEL_RESULT_CRASH": "O trabalhador falhou - os detalhes do erro não estão disponíveis",
    "MODEL_RESULT_MISSING": "Falha na obtenção do resultado",
    "MODEL_RESULT_OLD": "Não é possível descarregar {{type}}, por favor, volte a executar o modelo e tente descarregar novamente.",
    "MODEL_RUN_CANCELLED": "A execução do modelo foi cancelada pelo utilizador",
    "MODEL_SUBMIT_OLD": "A tentar executar o modelo com uma versão antiga das opções. Atualizar opções de execução do modelo",
    "OUTPUT_FILTER_AGE": "Idade",
    "OUTPUT_FILTER_AREA": "Área",
    "OUTPUT_FILTER_PERIOD": "Período",
    "OUTPUT_FILTER_SEX": "Género",
    "PJNZ_INVALID_ZIP": "O zip não contém ficheiros PJNZ",
    "QUEUE_CACHE": "A criar cache",
    "QUEUE_CONNECTING": "A estabelecer ligação à redis em {{redis}}",
    "QUEUE_ID_NOT_SET": "A variável de ambiente 'HINTR_QUEUE_ID' não está definida",
    "QUEUE_STARTING": "Fila de partida",
    "QUEUE_STOPPING_WORKERS": "A parar os trabalhadores",
    "RUN_MODEL_MOCK_FINISH": "Modelo de simulação terminado",
    "RUN_MODEL_MOCK_START": "Modelo de simulação iniciado",
    "MOCK_MODEL_ERROR": "O modelo falso tem errado porque a opção '{{option}}' é TRUE",
    "UNKNOWN_OUTPUT_TYPE": "A execução do modelo devolveu um tipo de saída desconhecido, por favor, contacte o apoio.",
    "VALIDATION_ANC_CLIENT_NUMBERS1": "O número de pessoas que testaram positivo é maior do que o número de pessoas testadas",
    "VALIDATION_ANC_CLIENT_NUMBERS2": "O número de pessoas já em TARV é maior que o número positivo (as que se sabe serem positivas + as que testaram positivo)",
    "VALIDATION_COLUMN_MATCHES": "Os valores na coluna {{name}} não correspondem ao formato exigido: {{unmatched}}",
    "VALIDATION_COLUMN_NAMES": "Coluna de dados em falta {{missing}}.",
    "VALIDATION_COLUMN_NAMES_plural": "Dados em falta em {{count}} colunas {{missing}}.",
    "VALIDATION_COLUMN_NO_NA": "Valores de NA encontrados na coluna {{name}}. Valores de NA não permitidos.",
    "VALIDATION_COLUMN_NUMERIC": "A coluna {{name}} tem que ser numérica. Foram encontrados valores não-numéricos.",
    "VALIDATION_COLUMN_POSITIVE": "A coluna {{name}} requer valores numéricos positivos. Foram encontrados valores numéricos negativos.",
    "VALIDATION_COLUMN_REQUIRED": "Os dados não contêm a coluna obrigatória: {{name}}",
    "VALIDATION_COLUMN_VALUE_MISSING": "Faltam valores obrigatórios na coluna {{name}}: {{missing}}",
    "VALIDATION_COLUMN_VALUE_UNEXPECTED": "Valores inesperados na coluna {{name}}: {{unexpected}}",
    "VALIDATION_CONSISTENT_COUNTRY": "Os países não são consistentes, foi obtido {{country_x}} de {{source_x}} e {{country_y}} de {{source_y}}.",
    "VALIDATION_CONSISTENT_REGION": "As regiões não são consistentes {{source}}, o ficheiro contém {{count}} região em falta no ficheiro de formas, incluindo: {{missing}}",
    "VALIDATION_CONSISTENT_REGION_CODES1": "Diferentes códigos de região Spectrum no PJNZ e ficheiro de formas.",
    "VALIDATION_CONSISTENT_REGION_CODES2": "{{count}} código no PJNZ em falta no ficheiro de formas: {{missing}}",
    "VALIDATION_CONSISTENT_REGION_CODES2_plural": "{{count}} códigos no PJNZ em falta no ficheiro de formas: {{missing}}",
    "VALIDATION_CONSISTENT_REGION_CODES3": "{{count}} código no ficheiro de formas em falta no PJNZ: {{missing}}",
    "VALIDATION_CONSISTENT_REGION_CODES3_plural": "{{count}} códigos no ficheiro de formas em falta no PJNZ: {{missing}}",
    "VALIDATION_CONSISTENT_REGION_plural": "As regiões não são consistentes {{source}}, o ficheiro contém {{count}} regiões em falta no ficheiro de formas, incluindo: {{missing}}",
    "VALIDATION_FILE_EXISTS": "O ficheiro no caminho {{- path}} não existe. Crie ou fixe o caminho.",
    "VALIDATION_FILE_EXTENSION": "O ficheiro tem de ser do tipo {{expected}}, foi obtido o tipo {{got}}.",
    "VALIDATION_PROPERTY_EXISTS": "O ficheiro de formas não contém propriedade {{property}} para cada região. Identificação em falta para {{count}} característica.",
    "VALIDATION_PROPERTY_EXISTS_plural": "O ficheiro de formas não contém propriedade {{property}} para cada região. Identificação em falta para {{count}} características.",
    "VALIDATION_REGION_CODES_VALID": "O ficheiro de formas contém {{count}} região com o código de região Spectrum em falta, o código só pode estar em falta para a região ao nível do país.",
    "VALIDATION_REGION_CODES_VALID_plural": "O ficheiro de formas contém {{count}} regiões com o código de região Spectrum em falta, o código só pode estar em falta para a região ao nível do país.",
    "VALIDATION_SINGLE_COUNTRY_MUTIPLE": "O ficheiro {{type}} contém regiões para mais do que um país. Foram obtidos os países {{countries}}.",
    "VALIDATION_SINGLE_COUNTRY_NO_REGIONS": "O ficheiro {{type}} não contém regiões. Garanta que o ficheiro tem uma coluna area_id.",
    "VALIDATION_SINGLE_PARENT_REGION": "Devia ter sido localizada uma região principal mas foram encontradas as regiões {{regions}}.",
    "VALIDATION_SINGLE_SOURCE": "Os dados devem ser de uma única fonte. Múltiplas fontes presentes: {{sources}}",
    "VALIDATION_UNIQUE_COMBINATIONS": "São necessárias combinações únicas para as colunas: {{columns}}",
    "WELCOME": "Bem-vindo ao hintr",
    "OUTPUT_GENERATION_FAILED": "Falha em gerar resultados",
    "INVALID_DOWNLOAD_TYPE": "Falha em gerar o download para o tipo {{type}}, contactar o administrador do sistema.",
    "FAILED_ADR_METADATA": "Falha na geração de metadados, o formato de saída é inválido",
    "INVALID_TIME_SERIES_INPUT_TYPE": "Os dados das séries cronológicas só podem ser devolvidos para {{types}}, recebidos '{{type}}'.",
    "INPUT_TIME_SERIES_COLUMN_PLOT_TYPE": "Tipo de terreno",
    "INPUT_TIME_SERIES_COLUMN_AREA_LEVEL": "Nível de área",
    "INPUT_TIME_SERIES_COLUMN_AGE": "Idade",
    "INPUT_TIME_SERIES_COLUMN_AREA": "área",
    "INPUT_TIME_SERIES_COLUMN_AREA_NAME": "Nome da área",
    "INPUT_TIME_SERIES_COLUMN_QUARTER": "trimestre",
    "INPUT_TIME_SERIES_COLUMN_TIME_PERIOD": "período de tempo",
    "INVALID_ID_LABEL": "Os dados são inválidos, o número de valores {{label_col}} exclusivos e valores {{id_col}} não é igual",
    "MAPPING_NO_MATCHING": "Não foram encontrados filtros correspondentes para o tipo {{type}}",
    "QUARTER_1": "trimestre 1",
    "QUARTER_2": "trimestre 2",
    "QUARTER_3": "trimestre 3",
    "QUARTER_4": "trimestre 4",
    "VALIDATION_MULTIPLE_LEVELS_DETAIL": "ano {{year}} tem níveis de área {{levels}}",
    "VALIDATION_MULTIPLE_LEVELS": "Os dados só podem ser relativos a regiões a um único nível de área por ano. Em dados carregados {{detail}}",
    "FAILED_ZIP_REHYDRATE_SUBMIT": "Não é possível carregar a partir deste ficheiro zip, faltando informação necessária ao arquivo. Por favor, regenerar zip de saída e tentar novamente."
}
